MAE, RMSE,MSE
0.6590077439298606,0.8511423814048797,0.72453212152444
